topic,created_at,tweet_id,text,user,sentiment,confidence
Cloud,2026-03-09T01:48:21.534000,1004248,Just finished building a GraphQL project! Learned so much about system design. #Cloud #DevOps,innovation_lab,positive,
Cloud,2026-03-09T01:48:08.834000,1004241,Hot take: machine learning is overrated. Focus on system design fundamentals first. #Cloud #DevOps,dev_community,positive,
Cloud,2026-03-09T01:47:49.793000,1004230,Finally understand microservices! Key is to master system design basics. #Cloud #DevOps,tech_guru,neutral,
Cloud,2026-03-09T01:47:02.252000,1004202,Hot take: cloud architecture is overrated. Focus on testing strategies fundamentals first. #Python #Programming,data_scientist,positive,
Cloud,2026-03-09T01:46:59.408000,1004201,Just finished building a containerization project! Learned so much about algorithm optimization. #Cloud #DevOps,tech_guru,positive,
Cloud,2026-03-09T01:46:31.349000,1004186,Hot take: async programming is overrated. Focus on testing strategies fundamentals first. #Cloud #DevOps,tech_guru,positive,
Cloud,2026-03-09T01:46:26.697000,1004184,5 years of data modeling and I'm still learning new things about microservices. #Cloud #DevOps,ml_engineer,positive,
Cloud,2026-03-09T01:46:24.788000,1004182,Just finished building a GraphQL project! Learned so much about API design. #Cloud #DevOps,python_dev,positive,
Cloud,2026-03-09T01:46:05.093000,1004173,Struggling with async programming today but making progress on system design... #Cloud #DevOps,data_scientist,neutral,
Cloud,2026-03-09T01:46:02.941000,1004172,Can't believe how powerful CI/CD is for data modeling. Mind blown! 🤯 #Cloud #DevOps,startup_founder,positive,
Cloud,2026-03-09T01:46:02.190000,1004171,Can't believe how powerful CI/CD is for performance tuning. Mind blown! 🤯 #Cloud #DevOps,ml_engineer,positive,
Cloud,2026-03-09T01:45:58.834000,1004169,Struggling with cloud architecture today but making progress on system design... #Cloud #DevOps,code_lover,neutral,
Cloud,2026-03-09T01:45:28.465000,1004154,Looking for recommendations on cloud architecture tools for algorithm optimization. What do you use? #Technology #Innovation,code_lover,neutral,
Cloud,2026-03-09T01:45:11.508000,1004147,Just deployed my first serverless functions application! debugging makes it so easy. #Cloud #DevOps,innovation_lab,positive,
Cloud,2026-03-09T01:44:48.973000,1004135,Hot take: containerization is overrated. Focus on distributed systems fundamentals first. #Cloud #DevOps,dev_community,positive,
Cloud,2026-03-09T01:44:44.551000,1004133,Just finished building a neural networks project! Learned so much about API design. #Cloud #DevOps,dev_community,positive,
Cloud,2026-03-09T01:44:42.047000,1004131,Finally understand cloud architecture! Key is to master code refactoring basics. #Cloud #DevOps,tech_guru,neutral,
Cloud,2026-03-09T01:44:23.862000,1004122,Just finished building a Python decorators project! Learned so much about performance tuning. #Cloud #DevOps,tech_enthusiast,positive,
Cloud,2026-03-09T01:44:00.420000,1004110,Amazing tutorial on cloud architecture! This changed how I think about distributed systems. #Python #Programming,ai_researcher,positive,
Cloud,2026-03-09T01:43:54.314000,1004106,Finally understand CI/CD! Key is to master testing strategies basics. #Cloud #DevOps,dev_community,neutral,
Cloud,2026-03-09T01:43:50.785000,1004104,Struggling with API development today but making progress on algorithm optimization... #Cloud #DevOps,data_scientist,neutral,
Cloud,2026-03-09T01:43:49.087000,1004103,Amazing tutorial on async programming! This changed how I think about data modeling. #Cloud #DevOps,data_scientist,positive,
Cloud,2026-03-09T01:43:48.049000,1004102,New breakthrough in microservices! This will revolutionize distributed systems. #Cloud #DevOps,code_lover,positive,
Cloud,2026-03-09T01:43:36.424000,1004096,5 years of debugging and I'm still learning new things about CI/CD. #Cloud #DevOps,ai_researcher,positive,
Cloud,2026-03-09T01:43:09.748000,1004081,New breakthrough in serverless functions! This will revolutionize algorithm optimization. #Cloud #DevOps,code_lover,positive,
Cloud,2026-03-09T01:43:06.082000,1004079,Can't believe how powerful machine learning is for API design. Mind blown! 🤯 #Cloud #DevOps,innovation_lab,positive,
Cloud,2026-03-09T01:42:46.518000,1004069,Just finished building a CI/CD project! Learned so much about testing strategies. #Cloud #DevOps,dev_community,positive,
Cloud,2026-03-09T01:42:44.916000,1004067,5 years of performance tuning and I'm still learning new things about serverless functions. #Cloud #DevOps,startup_founder,positive,
Cloud,2026-03-09T01:42:18.326000,1004053,Hot take: machine learning is overrated. Focus on debugging fundamentals first. #Cloud #DevOps,tech_guru,positive,
Cloud,2026-03-09T01:42:14.780000,1004051,Struggling with Python decorators today but making progress on data modeling... #Cloud #DevOps,code_lover,neutral,
Cloud,2026-03-09T01:42:03.674000,1004043,Struggling with Python decorators today but making progress on algorithm optimization... #Cloud #DevOps,tech_guru,neutral,
Cloud,2026-03-09T01:42:00.537000,1004041,Hot take: async programming is overrated. Focus on API design fundamentals first. #Cloud #DevOps,data_scientist,positive,
Cloud,2026-03-09T01:41:58.368000,1004040,Just deployed my first cloud architecture application! debugging makes it so easy. #Python #Programming,tech_enthusiast,positive,
Cloud,2026-03-09T01:41:42.258000,1004029,Struggling with containerization today but making progress on testing strategies... #Cloud #DevOps,tech_enthusiast,neutral,
Cloud,2026-03-09T01:41:41.744000,1004028,Looking for recommendations on Python decorators tools for data modeling. What do you use? #Cloud #DevOps,data_scientist,neutral,
Cloud,2026-03-09T01:41:03.522000,1004007,Hot take: serverless functions is overrated. Focus on distributed systems fundamentals first. #Cloud #DevOps,tech_guru,positive,
Cloud,2026-03-09T01:40:47.676000,1003997,Just deployed my first GraphQL application! debugging makes it so easy. #Cloud #DevOps,ai_researcher,positive,
Cloud,2026-03-09T01:40:45.990000,1003995,5 years of performance tuning and I'm still learning new things about serverless functions. #Cloud #DevOps,code_lover,positive,
Cloud,2026-03-09T01:40:35.048000,1003990,Can't believe how powerful containerization is for data modeling. Mind blown! 🤯 #Cloud #DevOps,tech_guru,positive,
Cloud,2026-03-09T01:40:31.798000,1003988,Just finished building a machine learning project! Learned so much about data modeling. #Cloud #DevOps,python_dev,positive,
Cloud,2026-03-09T01:40:16.985000,1003978,Amazing tutorial on Python decorators! This changed how I think about algorithm optimization. #Cloud #DevOps,startup_founder,positive,
Cloud,2026-03-09T01:40:11.718000,1003975,Struggling with cloud architecture today but making progress on testing strategies... #Cloud #DevOps,code_lover,neutral,
Cloud,2026-03-09T01:40:11.041000,1003974,Looking for recommendations on serverless functions tools for system design. What do you use? #Cloud #DevOps,ai_researcher,neutral,
Cloud,2026-03-09T01:40:05.105000,1003971,Hot take: machine learning is overrated. Focus on performance tuning fundamentals first. #Cloud #DevOps,dev_community,positive,
Cloud,2026-03-09T01:40:03.897000,1003970,Struggling with neural networks today but making progress on algorithm optimization... #Cloud #DevOps,ml_engineer,neutral,
Cloud,2026-03-09T01:40:00.920000,1003968,5 years of performance tuning and I'm still learning new things about cloud architecture. #Technology #Innovation,code_lover,positive,
Cloud,2026-03-09T01:39:55.354000,1003965,New breakthrough in serverless functions! This will revolutionize algorithm optimization. #Cloud #DevOps,tech_enthusiast,positive,
Cloud,2026-03-09T01:39:54.062000,1003964,New breakthrough in neural networks! This will revolutionize code refactoring. #Cloud #DevOps,dev_community,positive,
Cloud,2026-03-09T01:39:38.470000,1003955,Hot take: machine learning is overrated. Focus on code refactoring fundamentals first. #Cloud #DevOps,data_scientist,positive,
Cloud,2026-03-09T01:39:29.287000,1003950,Can't believe how powerful microservices is for data modeling. Mind blown! 🤯 #Cloud #DevOps,ai_researcher,positive,
Cloud,2026-03-09T01:39:20.745000,1003946,Just deployed my first containerization application! algorithm optimization makes it so easy. #Cloud #DevOps,python_dev,positive,
Cloud,2026-03-09T01:39:20.196000,1003945,Amazing tutorial on GraphQL! This changed how I think about code refactoring. #Cloud #DevOps,code_lover,positive,
Cloud,2026-03-09T01:39:10.445000,1003941,Can't believe how powerful API development is for API design. Mind blown! 🤯 #Cloud #DevOps,startup_founder,positive,
Cloud,2026-03-09T01:39:04.797000,1003939,Finally understand API development! Key is to master data modeling basics. #Cloud #DevOps,tech_enthusiast,neutral,
Cloud,2026-03-09T01:38:58.634000,1003935,Finally understand neural networks! Key is to master API design basics. #Cloud #DevOps,tech_guru,neutral,
Cloud,2026-03-09T01:38:56.464000,1003934,New breakthrough in cloud architecture! This will revolutionize API design. #Technology #Innovation,tech_guru,positive,
Cloud,2026-03-09T01:38:47.684000,1003929,5 years of algorithm optimization and I'm still learning new things about cloud architecture. #Technology #Innovation,python_dev,positive,
Cloud,2026-03-09T01:38:44.368000,1003927,Struggling with cloud architecture today but making progress on algorithm optimization... #Python #Programming,code_lover,neutral,
Cloud,2026-03-09T01:37:58.109000,1003900,Looking for recommendations on cloud architecture tools for code refactoring. What do you use? #Technology #Innovation,ai_researcher,neutral,
Cloud,2026-03-09T01:37:57.564000,1003899,New breakthrough in async programming! This will revolutionize debugging. #Cloud #DevOps,code_lover,positive,
Cloud,2026-03-09T01:37:55.221000,1003898,Amazing tutorial on machine learning! This changed how I think about testing strategies. #Cloud #DevOps,tech_guru,positive,
Cloud,2026-03-09T01:37:37.667000,1003890,Just finished building a API development project! Learned so much about performance tuning. #Cloud #DevOps,startup_founder,positive,
Cloud,2026-03-09T01:37:26.111000,1003884,Looking for recommendations on machine learning tools for debugging. What do you use? #Cloud #DevOps,innovation_lab,neutral,
Cloud,2026-03-09T01:37:04.495000,1003871,Can't believe how powerful CI/CD is for testing strategies. Mind blown! 🤯 #Cloud #DevOps,data_scientist,positive,
Cloud,2026-03-09T01:36:45.847000,1003862,Hot take: cloud architecture is overrated. Focus on testing strategies fundamentals first. #Cloud #DevOps,ai_researcher,positive,
Cloud,2026-03-09T01:36:18.560000,1003845,Just deployed my first neural networks application! code refactoring makes it so easy. #Cloud #DevOps,tech_enthusiast,positive,
Cloud,2026-03-09T01:35:33.045000,1003820,Looking for recommendations on cloud architecture tools for algorithm optimization. What do you use? #Python #Programming,innovation_lab,neutral,
Cloud,2026-03-09T01:35:25.658000,1003816,5 years of API design and I'm still learning new things about neural networks. #Cloud #DevOps,dev_community,positive,
Cloud,2026-03-09T01:35:11.794000,1003808,Looking for recommendations on microservices tools for performance tuning. What do you use? #Cloud #DevOps,tech_guru,neutral,
Cloud,2026-03-09T01:35:05.004000,1003804,Just finished building a machine learning project! Learned so much about code refactoring. #Cloud #DevOps,tech_enthusiast,positive,
Cloud,2026-03-09T01:34:58.801000,1003800,Hot take: API development is overrated. Focus on testing strategies fundamentals first. #Cloud #DevOps,code_lover,positive,
Cloud,2026-03-09T01:34:56.117000,1003798,Struggling with API development today but making progress on distributed systems... #Cloud #DevOps,dev_community,neutral,
Cloud,2026-03-09T01:34:51.434000,1003796,Amazing tutorial on machine learning! This changed how I think about API design. #Cloud #DevOps,ml_engineer,positive,
Cloud,2026-03-09T01:34:40.738000,1003789,Finally understand CI/CD! Key is to master API design basics. #Cloud #DevOps,dev_community,neutral,
Cloud,2026-03-09T01:34:33.044000,1003785,Just finished building a neural networks project! Learned so much about algorithm optimization. #Cloud #DevOps,tech_guru,positive,
Cloud,2026-03-09T01:34:32.480000,1003784,Just finished building a Python decorators project! Learned so much about performance tuning. #Cloud #DevOps,tech_guru,positive,
Cloud,2026-03-09T01:34:31.749000,1003783,Just deployed my first GraphQL application! performance tuning makes it so easy. #Cloud #DevOps,code_lover,positive,
Cloud,2026-03-09T01:34:21.282000,1003776,Just finished building a containerization project! Learned so much about data modeling. #Cloud #DevOps,code_lover,positive,
Cloud,2026-03-09T01:33:59.620000,1003764,5 years of performance tuning and I'm still learning new things about Python decorators. #Cloud #DevOps,dev_community,positive,
Cloud,2026-03-09T01:33:55.428000,1003762,Hot take: API development is overrated. Focus on API design fundamentals first. #Cloud #DevOps,ml_engineer,positive,
Cloud,2026-03-09T01:33:53.099000,1003761,5 years of algorithm optimization and I'm still learning new things about containerization. #Cloud #DevOps,python_dev,positive,
Cloud,2026-03-09T01:33:31.678000,1003750,Just finished building a GraphQL project! Learned so much about algorithm optimization. #Cloud #DevOps,ai_researcher,positive,
Cloud,2026-03-09T01:33:05.744000,1003736,Finally understand API development! Key is to master distributed systems basics. #Cloud #DevOps,data_scientist,neutral,
Cloud,2026-03-09T01:32:38.701000,1003723,Finally understand serverless functions! Key is to master data modeling basics. #Cloud #DevOps,tech_enthusiast,neutral,
Cloud,2026-03-09T01:32:34.421000,1003720,Hot take: API development is overrated. Focus on debugging fundamentals first. #Cloud #DevOps,innovation_lab,positive,
Cloud,2026-03-09T01:32:30.366000,1003718,Can't believe how powerful API development is for performance tuning. Mind blown! 🤯 #Cloud #DevOps,startup_founder,positive,
Cloud,2026-03-09T01:32:14.316000,1003707,Hot take: serverless functions is overrated. Focus on performance tuning fundamentals first. #Cloud #DevOps,data_scientist,positive,
Cloud,2026-03-09T01:31:59.271000,1003697,5 years of code refactoring and I'm still learning new things about GraphQL. #Cloud #DevOps,data_scientist,positive,
Cloud,2026-03-09T01:31:26.239000,1003678,5 years of performance tuning and I'm still learning new things about cloud architecture. #Python #Programming,dev_community,positive,
Cloud,2026-03-09T01:31:14.769000,1003671,Just finished building a cloud architecture project! Learned so much about algorithm optimization. #Python #Programming,tech_enthusiast,positive,
Cloud,2026-03-09T01:30:55.527000,1003659,Amazing tutorial on neural networks! This changed how I think about distributed systems. #Cloud #DevOps,python_dev,positive,
Cloud,2026-03-09T01:30:54.843000,1003658,Hot take: API development is overrated. Focus on debugging fundamentals first. #Cloud #DevOps,innovation_lab,positive,
Cloud,2026-03-09T01:30:42.160000,1003652,Just finished building a Python decorators project! Learned so much about distributed systems. #Cloud #DevOps,data_scientist,positive,
Cloud,2026-03-09T01:30:40.576000,1003651,New breakthrough in microservices! This will revolutionize system design. #Cloud #DevOps,python_dev,positive,
Cloud,2026-03-09T01:30:19.275000,1003637,Just finished building a async programming project! Learned so much about API design. #Cloud #DevOps,dev_community,positive,
Cloud,2026-03-09T01:30:11.525000,1003632,Finally understand async programming! Key is to master API design basics. #Cloud #DevOps,innovation_lab,neutral,
Cloud,2026-03-09T01:30:04.393000,1003628,Looking for recommendations on GraphQL tools for data modeling. What do you use? #Cloud #DevOps,innovation_lab,neutral,
Cloud,2026-03-09T01:29:32.722000,1003613,Struggling with neural networks today but making progress on API design... #Cloud #DevOps,dev_community,neutral,
Cloud,2026-03-09T01:29:24.501000,1003608,Can't believe how powerful microservices is for system design. Mind blown! 🤯 #Cloud #DevOps,innovation_lab,positive,
Cloud,2026-03-09T01:29:18.753000,1003604,Amazing tutorial on GraphQL! This changed how I think about debugging. #Cloud #DevOps,python_dev,positive,
Cloud,2026-03-09T01:29:16.819000,1003603,Just finished building a machine learning project! Learned so much about algorithm optimization. #Cloud #DevOps,data_scientist,positive,
Cloud,2026-03-09T01:29:08.851000,1003598,Just finished building a cloud architecture project! Learned so much about data modeling. #Cloud #DevOps,python_dev,positive,
Cloud,2026-03-09T01:29:01.134000,1003592,Can't believe how powerful containerization is for performance tuning. Mind blown! 🤯 #Cloud #DevOps,startup_founder,positive,
Cloud,2026-03-09T01:28:45.944000,1003584,5 years of distributed systems and I'm still learning new things about microservices. #Cloud #DevOps,ml_engineer,positive,
Cloud,2026-03-09T01:28:27.936000,1003574,Amazing tutorial on CI/CD! This changed how I think about debugging. #Cloud #DevOps,innovation_lab,positive,
Cloud,2026-03-09T01:28:23.476000,1003571,Just deployed my first GraphQL application! distributed systems makes it so easy. #Cloud #DevOps,code_lover,positive,
Cloud,2026-03-09T01:28:19.661000,1003569,5 years of code refactoring and I'm still learning new things about API development. #Cloud #DevOps,ai_researcher,positive,
Cloud,2026-03-09T01:28:05.994000,1003561,Amazing tutorial on API development! This changed how I think about testing strategies. #Cloud #DevOps,dev_community,positive,
Cloud,2026-03-09T01:27:23.197000,1003537,5 years of performance tuning and I'm still learning new things about cloud architecture. #Technology #Innovation,startup_founder,positive,
Cloud,2026-03-09T01:27:19.789000,1003534,New breakthrough in neural networks! This will revolutionize performance tuning. #Cloud #DevOps,data_scientist,positive,
Cloud,2026-03-09T01:27:09.432000,1003529,Finally understand CI/CD! Key is to master distributed systems basics. #Cloud #DevOps,data_scientist,neutral,
Cloud,2026-03-09T01:26:59.935000,1003523,New breakthrough in cloud architecture! This will revolutionize algorithm optimization. #Cloud #DevOps,python_dev,positive,
Cloud,2026-03-09T01:26:54.132000,1003520,New breakthrough in GraphQL! This will revolutionize debugging. #Cloud #DevOps,tech_guru,positive,
Cloud,2026-03-09T01:26:23.571000,1003506,Finally understand neural networks! Key is to master API design basics. #Cloud #DevOps,tech_guru,neutral,
Cloud,2026-03-09T01:26:14.556000,1003500,Looking for recommendations on serverless functions tools for distributed systems. What do you use? #Cloud #DevOps,tech_enthusiast,neutral,
Cloud,2026-03-09T01:25:54.553000,1003488,Struggling with CI/CD today but making progress on testing strategies... #Cloud #DevOps,ml_engineer,neutral,
Cloud,2026-03-09T01:25:50.897000,1003486,Just deployed my first machine learning application! system design makes it so easy. #Cloud #DevOps,tech_enthusiast,positive,
Cloud,2026-03-09T01:25:41.672000,1003480,Looking for recommendations on async programming tools for distributed systems. What do you use? #Cloud #DevOps,ml_engineer,neutral,
Cloud,2026-03-09T01:25:20.186000,1003469,Struggling with cloud architecture today but making progress on performance tuning... #Technology #Innovation,code_lover,neutral,
Cloud,2026-03-09T01:25:17.528000,1003468,5 years of distributed systems and I'm still learning new things about cloud architecture. #Cloud #DevOps,tech_guru,positive,
Cloud,2026-03-09T01:25:14.611000,1003465,Just finished building a GraphQL project! Learned so much about debugging. #Cloud #DevOps,tech_enthusiast,positive,
Cloud,2026-03-09T01:25:08.328000,1003462,Hot take: containerization is overrated. Focus on distributed systems fundamentals first. #Cloud #DevOps,data_scientist,positive,
Cloud,2026-03-09T01:24:48.187000,1003452,Just finished building a cloud architecture project! Learned so much about debugging. #Technology #Innovation,innovation_lab,positive,
Cloud,2026-03-09T01:24:37.581000,1003448,Just deployed my first cloud architecture application! algorithm optimization makes it so easy. #Cloud #DevOps,data_scientist,positive,
Cloud,2026-03-09T01:23:50.389000,1003420,Hot take: API development is overrated. Focus on data modeling fundamentals first. #Cloud #DevOps,code_lover,positive,
Cloud,2026-03-09T01:23:47.737000,1003419,New breakthrough in microservices! This will revolutionize code refactoring. #Cloud #DevOps,dev_community,positive,
Cloud,2026-03-09T01:23:43.900000,1003416,Hot take: machine learning is overrated. Focus on API design fundamentals first. #Cloud #DevOps,tech_enthusiast,positive,
Cloud,2026-03-09T01:23:38.600000,1003413,New breakthrough in cloud architecture! This will revolutionize code refactoring. #Python #Programming,python_dev,positive,
Cloud,2026-03-09T01:23:24.972000,1003406,Hot take: Python decorators is overrated. Focus on API design fundamentals first. #Cloud #DevOps,dev_community,positive,
Cloud,2026-03-09T01:23:19.937000,1003403,Can't believe how powerful microservices is for data modeling. Mind blown! 🤯 #Cloud #DevOps,ml_engineer,positive,
Cloud,2026-03-09T01:23:05.078000,1003395,Looking for recommendations on cloud architecture tools for algorithm optimization. What do you use? #Cloud #DevOps,dev_community,neutral,
Cloud,2026-03-09T01:22:51.966000,1003387,Looking for recommendations on serverless functions tools for system design. What do you use? #Cloud #DevOps,innovation_lab,neutral,
Cloud,2026-03-09T01:22:18.121000,1003368,Can't believe how powerful cloud architecture is for code refactoring. Mind blown! 🤯 #Technology #Innovation,tech_guru,positive,
Cloud,2026-03-09T01:22:16.634000,1003367,New breakthrough in API development! This will revolutionize system design. #Cloud #DevOps,code_lover,positive,
Cloud,2026-03-09T01:21:08.291000,1003329,Hot take: GraphQL is overrated. Focus on debugging fundamentals first. #Cloud #DevOps,tech_enthusiast,positive,
Cloud,2026-03-09T01:20:56.431000,1003324,Looking for recommendations on serverless functions tools for distributed systems. What do you use? #Cloud #DevOps,dev_community,neutral,
Cloud,2026-03-09T01:20:47.727000,1003320,Struggling with API development today but making progress on code refactoring... #Cloud #DevOps,innovation_lab,neutral,
Cloud,2026-03-09T01:20:26.156000,1003310,Just deployed my first cloud architecture application! algorithm optimization makes it so easy. #Cloud #DevOps,code_lover,positive,
Cloud,2026-03-09T01:20:23.738000,1003308,Hot take: containerization is overrated. Focus on distributed systems fundamentals first. #Cloud #DevOps,code_lover,positive,
Cloud,2026-03-09T01:20:18.636000,1003304,Can't believe how powerful cloud architecture is for testing strategies. Mind blown! 🤯 #Python #Programming,data_scientist,positive,
Cloud,2026-03-09T01:19:59.287000,1003292,Struggling with machine learning today but making progress on system design... #Cloud #DevOps,code_lover,neutral,
Cloud,2026-03-09T01:19:56.084000,1003289,Just deployed my first GraphQL application! code refactoring makes it so easy. #Cloud #DevOps,ai_researcher,positive,
Cloud,2026-03-09T01:19:22.657000,1003271,New breakthrough in microservices! This will revolutionize code refactoring. #Cloud #DevOps,innovation_lab,positive,
Cloud,2026-03-09T01:19:15.657000,1003266,Can't believe how powerful neural networks is for distributed systems. Mind blown! 🤯 #Cloud #DevOps,data_scientist,positive,
Cloud,2026-03-09T01:19:03.928000,1003256,New breakthrough in serverless functions! This will revolutionize debugging. #Cloud #DevOps,ai_researcher,positive,
Cloud,2026-03-09T01:18:58.116000,1003253,Can't believe how powerful API development is for data modeling. Mind blown! 🤯 #Cloud #DevOps,ai_researcher,positive,
Cloud,2026-03-09T01:18:48.647000,1003247,Looking for recommendations on serverless functions tools for algorithm optimization. What do you use? #Cloud #DevOps,startup_founder,neutral,
Cloud,2026-03-09T01:18:40.209000,1003240,Finally understand cloud architecture! Key is to master algorithm optimization basics. #Cloud #DevOps,tech_enthusiast,neutral,
Cloud,2026-03-09T01:18:36.672000,1003238,Amazing tutorial on API development! This changed how I think about distributed systems. #Cloud #DevOps,data_scientist,positive,
Cloud,2026-03-09T01:18:31.079000,1003235,Just finished building a neural networks project! Learned so much about performance tuning. #Cloud #DevOps,ml_engineer,positive,
Cloud,2026-03-09T01:18:25.428000,1003232,Just deployed my first containerization application! distributed systems makes it so easy. #Cloud #DevOps,tech_enthusiast,positive,
Cloud,2026-03-09T01:18:20.761000,1003229,Just deployed my first cloud architecture application! algorithm optimization makes it so easy. #Cloud #DevOps,tech_guru,positive,
Cloud,2026-03-09T01:18:11.194000,1003223,Struggling with microservices today but making progress on code refactoring... #Cloud #DevOps,innovation_lab,neutral,
Cloud,2026-03-09T01:17:59.246000,1003217,Just deployed my first serverless functions application! testing strategies makes it so easy. #Cloud #DevOps,ml_engineer,positive,
Cloud,2026-03-09T01:17:54.954000,1003214,Struggling with machine learning today but making progress on testing strategies... #Cloud #DevOps,python_dev,neutral,
Cloud,2026-03-09T01:17:51.112000,1003211,Just finished building a microservices project! Learned so much about code refactoring. #Cloud #DevOps,tech_guru,positive,
Cloud,2026-03-09T01:17:09.817000,1003189,Amazing tutorial on async programming! This changed how I think about system design. #Cloud #DevOps,ml_engineer,positive,
Cloud,2026-03-09T01:17:01.300000,1003184,New breakthrough in containerization! This will revolutionize testing strategies. #Cloud #DevOps,ai_researcher,positive,
Cloud,2026-03-09T01:16:42.780000,1003173,Amazing tutorial on cloud architecture! This changed how I think about API design. #Python #Programming,tech_guru,positive,
Cloud,2026-03-09T01:16:34.857000,1003169,Looking for recommendations on async programming tools for system design. What do you use? #Cloud #DevOps,startup_founder,neutral,
Cloud,2026-03-09T01:16:26.675000,1003164,Amazing tutorial on containerization! This changed how I think about performance tuning. #Cloud #DevOps,python_dev,positive,
Cloud,2026-03-09T01:16:10.980000,1003156,Struggling with containerization today but making progress on API design... #Cloud #DevOps,data_scientist,neutral,
Cloud,2026-03-09T01:16:04.676000,1003152,Just deployed my first containerization application! debugging makes it so easy. #Cloud #DevOps,data_scientist,positive,
Cloud,2026-03-09T01:15:28.500000,1003131,New breakthrough in GraphQL! This will revolutionize algorithm optimization. #Cloud #DevOps,tech_enthusiast,positive,
Cloud,2026-03-09T01:15:16.265000,1003123,Amazing tutorial on machine learning! This changed how I think about debugging. #Cloud #DevOps,startup_founder,positive,
Cloud,2026-03-09T01:15:07.757000,1003118,Just deployed my first async programming application! distributed systems makes it so easy. #Cloud #DevOps,data_scientist,positive,
Cloud,2026-03-09T01:14:49.314000,1003108,Just finished building a cloud architecture project! Learned so much about API design. #Python #Programming,tech_enthusiast,positive,
Cloud,2026-03-09T01:14:45.474000,1003106,Just deployed my first API development application! performance tuning makes it so easy. #Cloud #DevOps,code_lover,positive,
Cloud,2026-03-09T01:14:01.662000,1003085,New breakthrough in cloud architecture! This will revolutionize distributed systems. #Cloud #DevOps,code_lover,positive,
Cloud,2026-03-09T01:13:56.335000,1003082,5 years of data modeling and I'm still learning new things about machine learning. #Cloud #DevOps,ai_researcher,positive,
Cloud,2026-03-09T01:13:53.522000,1003081,Can't believe how powerful CI/CD is for algorithm optimization. Mind blown! 🤯 #Cloud #DevOps,ai_researcher,positive,
Cloud,2026-03-09T01:13:43.423000,1003076,New breakthrough in cloud architecture! This will revolutionize API design. #Python #Programming,python_dev,positive,
Cloud,2026-03-09T01:13:33.976000,1003070,Can't believe how powerful Python decorators is for distributed systems. Mind blown! 🤯 #Cloud #DevOps,data_scientist,positive,
Cloud,2026-03-09T01:13:12.498000,1003056,Just finished building a Python decorators project! Learned so much about performance tuning. #Cloud #DevOps,dev_community,positive,
Cloud,2026-03-09T01:13:01.085000,1003050,Looking for recommendations on GraphQL tools for API design. What do you use? #Cloud #DevOps,python_dev,neutral,
Cloud,2026-03-09T01:12:58.540000,1003048,Hot take: neural networks is overrated. Focus on distributed systems fundamentals first. #Cloud #DevOps,tech_guru,positive,
Cloud,2026-03-09T01:12:52.900000,1003046,5 years of testing strategies and I'm still learning new things about containerization. #Cloud #DevOps,innovation_lab,positive,
Cloud,2026-03-09T01:12:32.318000,1003034,Hot take: API development is overrated. Focus on system design fundamentals first. #Cloud #DevOps,innovation_lab,positive,
Cloud,2026-03-09T01:12:21.366000,1003028,5 years of API design and I'm still learning new things about CI/CD. #Cloud #DevOps,tech_enthusiast,positive,
Cloud,2026-03-09T01:11:58.091000,1003013,Can't believe how powerful GraphQL is for code refactoring. Mind blown! 🤯 #Cloud #DevOps,python_dev,positive,
Cloud,2026-03-09T01:11:48.024000,1003007,Just finished building a Python decorators project! Learned so much about debugging. #Cloud #DevOps,ml_engineer,positive,
Cloud,2026-03-09T01:11:31.233000,1002998,Just finished building a GraphQL project! Learned so much about API design. #Cloud #DevOps,data_scientist,positive,
Cloud,2026-03-09T01:10:36.687000,1002969,Looking for recommendations on microservices tools for API design. What do you use? #Cloud #DevOps,code_lover,neutral,
Cloud,2026-03-09T01:10:29.476000,1002965,Can't believe how powerful CI/CD is for code refactoring. Mind blown! 🤯 #Cloud #DevOps,startup_founder,positive,
Cloud,2026-03-09T01:10:27.569000,1002963,Finally understand serverless functions! Key is to master performance tuning basics. #Cloud #DevOps,tech_guru,neutral,
Cloud,2026-03-09T01:10:20.085000,1002958,New breakthrough in machine learning! This will revolutionize debugging. #Cloud #DevOps,dev_community,positive,
Cloud,2026-03-09T01:09:41.501000,1002937,Amazing tutorial on async programming! This changed how I think about algorithm optimization. #Cloud #DevOps,data_scientist,positive,
Cloud,2026-03-09T01:09:35.154000,1002934,Looking for recommendations on cloud architecture tools for distributed systems. What do you use? #Python #Programming,dev_community,neutral,
Cloud,2026-03-09T01:09:26.538000,1002929,Hot take: GraphQL is overrated. Focus on distributed systems fundamentals first. #Cloud #DevOps,innovation_lab,positive,
Cloud,2026-03-09T01:09:15.027000,1002921,Struggling with containerization today but making progress on code refactoring... #Cloud #DevOps,tech_guru,neutral,
Cloud,2026-03-09T01:08:49.109000,1002907,Amazing tutorial on machine learning! This changed how I think about algorithm optimization. #Cloud #DevOps,tech_guru,positive,
Cloud,2026-03-09T01:08:35.995000,1002901,Looking for recommendations on microservices tools for algorithm optimization. What do you use? #Cloud #DevOps,ml_engineer,neutral,
Cloud,2026-03-09T01:08:22.835000,1002893,Amazing tutorial on containerization! This changed how I think about performance tuning. #Cloud #DevOps,ml_engineer,positive,
Cloud,2026-03-09T01:08:11.252000,1002887,Struggling with async programming today but making progress on debugging... #Cloud #DevOps,ml_engineer,neutral,
Cloud,2026-03-09T01:07:52.558000,1002873,Finally understand microservices! Key is to master performance tuning basics. #Cloud #DevOps,ml_engineer,neutral,
Cloud,2026-03-09T01:07:10.443000,1002850,Looking for recommendations on containerization tools for testing strategies. What do you use? #Cloud #DevOps,tech_enthusiast,neutral,
Cloud,2026-03-09T01:06:57.442000,1002843,Struggling with cloud architecture today but making progress on debugging... #Python #Programming,ml_engineer,neutral,
Cloud,2026-03-09T01:06:53.987000,1002840,New breakthrough in neural networks! This will revolutionize performance tuning. #Cloud #DevOps,python_dev,positive,
Cloud,2026-03-09T01:06:51.180000,1002838,Hot take: API development is overrated. Focus on performance tuning fundamentals first. #Cloud #DevOps,ml_engineer,positive,
Cloud,2026-03-09T01:06:46.138000,1002835,Finally understand machine learning! Key is to master debugging basics. #Cloud #DevOps,code_lover,neutral,
Cloud,2026-03-09T01:06:43.372000,1002833,Can't believe how powerful async programming is for distributed systems. Mind blown! 🤯 #Cloud #DevOps,data_scientist,positive,
Cloud,2026-03-09T01:06:25.388000,1002823,Just deployed my first cloud architecture application! debugging makes it so easy. #Technology #Innovation,tech_guru,positive,
Cloud,2026-03-09T01:05:57.129000,1002807,Finally understand cloud architecture! Key is to master data modeling basics. #Cloud #DevOps,ml_engineer,neutral,
Cloud,2026-03-09T01:05:47.587000,1002802,Just deployed my first machine learning application! code refactoring makes it so easy. #Cloud #DevOps,ml_engineer,positive,
Cloud,2026-03-09T01:05:44.114000,1002800,Amazing tutorial on containerization! This changed how I think about algorithm optimization. #Cloud #DevOps,dev_community,positive,
Cloud,2026-03-09T01:05:22.256000,1002789,Hot take: async programming is overrated. Focus on algorithm optimization fundamentals first. #Cloud #DevOps,data_scientist,positive,
Cloud,2026-03-09T01:05:11.615000,1002783,Struggling with Python decorators today but making progress on distributed systems... #Cloud #DevOps,startup_founder,neutral,
Cloud,2026-03-09T01:05:09.643000,1002782,Can't believe how powerful GraphQL is for distributed systems. Mind blown! 🤯 #Cloud #DevOps,innovation_lab,positive,
Cloud,2026-03-09T01:05:06.703000,1002781,Looking for recommendations on cloud architecture tools for debugging. What do you use? #Technology #Innovation,tech_enthusiast,neutral,
Cloud,2026-03-09T01:04:56.384000,1002775,Just finished building a serverless functions project! Learned so much about debugging. #Cloud #DevOps,tech_enthusiast,positive,
Cloud,2026-03-09T01:04:13.990000,1002752,Struggling with cloud architecture today but making progress on API design... #Cloud #DevOps,innovation_lab,neutral,
Cloud,2026-03-09T01:04:01.521000,1002745,Can't believe how powerful machine learning is for debugging. Mind blown! 🤯 #Cloud #DevOps,ai_researcher,positive,
Cloud,2026-03-09T01:03:58.784000,1002744,Finally understand microservices! Key is to master performance tuning basics. #Cloud #DevOps,innovation_lab,neutral,
Cloud,2026-03-09T01:03:54.698000,1002742,Hot take: API development is overrated. Focus on API design fundamentals first. #Cloud #DevOps,innovation_lab,positive,
Cloud,2026-03-09T01:03:39.959000,1002734,Just finished building a cloud architecture project! Learned so much about performance tuning. #Python #Programming,ml_engineer,positive,
Cloud,2026-03-09T01:03:34.149000,1002729,Amazing tutorial on cloud architecture! This changed how I think about system design. #Python #Programming,ai_researcher,positive,
Cloud,2026-03-09T01:03:29.816000,1002726,Just finished building a cloud architecture project! Learned so much about performance tuning. #Python #Programming,startup_founder,positive,
Cloud,2026-03-09T01:03:28.351000,1002725,Finally understand microservices! Key is to master API design basics. #Cloud #DevOps,code_lover,neutral,
Cloud,2026-03-09T01:03:04.175000,1002711,Looking for recommendations on Python decorators tools for debugging. What do you use? #Cloud #DevOps,data_scientist,neutral,
Cloud,2026-03-09T01:03:03.636000,1002710,New breakthrough in GraphQL! This will revolutionize testing strategies. #Cloud #DevOps,innovation_lab,positive,
Cloud,2026-03-09T01:02:29.483000,1002692,Hot take: microservices is overrated. Focus on code refactoring fundamentals first. #Cloud #DevOps,tech_enthusiast,positive,
Cloud,2026-03-09T01:01:58.368000,1002672,Finally understand cloud architecture! Key is to master API design basics. #Python #Programming,dev_community,neutral,
Cloud,2026-03-09T01:01:48.606000,1002666,Just deployed my first microservices application! API design makes it so easy. #Cloud #DevOps,ml_engineer,positive,
Cloud,2026-03-09T01:01:47.205000,1002665,Finally understand machine learning! Key is to master data modeling basics. #Cloud #DevOps,startup_founder,neutral,
Cloud,2026-03-09T01:01:44.651000,1002664,Amazing tutorial on cloud architecture! This changed how I think about API design. #Cloud #DevOps,ml_engineer,positive,
Cloud,2026-03-09T01:00:54.087000,1002634,Can't believe how powerful Python decorators is for API design. Mind blown! 🤯 #Cloud #DevOps,innovation_lab,positive,
Cloud,2026-03-09T01:00:50.178000,1002632,Hot take: Python decorators is overrated. Focus on debugging fundamentals first. #Cloud #DevOps,code_lover,positive,
Cloud,2026-03-09T01:00:38.007000,1002624,Can't believe how powerful neural networks is for performance tuning. Mind blown! 🤯 #Cloud #DevOps,tech_enthusiast,positive,
Cloud,2026-03-09T01:00:35.090000,1002623,Looking for recommendations on CI/CD tools for data modeling. What do you use? #Cloud #DevOps,dev_community,neutral,
Cloud,2026-03-09T01:00:29.715000,1002620,5 years of debugging and I'm still learning new things about cloud architecture. #Technology #Innovation,ai_researcher,positive,
Cloud,2026-03-09T01:00:03.185000,1002608,Hot take: microservices is overrated. Focus on data modeling fundamentals first. #Cloud #DevOps,tech_guru,positive,
Cloud,2026-03-09T00:58:24.038000,1002557,Hot take: serverless functions is overrated. Focus on system design fundamentals first. #Cloud #DevOps,python_dev,positive,
Cloud,2026-03-09T00:58:17.080000,1002554,Finally understand cloud architecture! Key is to master testing strategies basics. #Cloud #DevOps,data_scientist,neutral,
Cloud,2026-03-09T00:58:12.260000,1002551,Just finished building a cloud architecture project! Learned so much about algorithm optimization. #Python #Programming,python_dev,positive,
Cloud,2026-03-09T00:57:17.414000,1002521,Hot take: GraphQL is overrated. Focus on code refactoring fundamentals first. #Cloud #DevOps,innovation_lab,positive,
Cloud,2026-03-09T00:57:05.222000,1002515,New breakthrough in cloud architecture! This will revolutionize distributed systems. #Technology #Innovation,tech_guru,positive,
Cloud,2026-03-09T00:57:02.693000,1002514,Amazing tutorial on CI/CD! This changed how I think about API design. #Cloud #DevOps,ai_researcher,positive,
Cloud,2026-03-09T00:56:53.842000,1002509,Can't believe how powerful GraphQL is for testing strategies. Mind blown! 🤯 #Cloud #DevOps,python_dev,positive,
Cloud,2026-03-09T00:56:47.664000,1002506,New breakthrough in cloud architecture! This will revolutionize API design. #Python #Programming,ai_researcher,positive,
Cloud,2026-03-09T00:56:44.961000,1002505,5 years of debugging and I'm still learning new things about Python decorators. #Cloud #DevOps,tech_guru,positive,
Cloud,2026-03-09T00:56:34.952000,1002500,New breakthrough in neural networks! This will revolutionize data modeling. #Cloud #DevOps,dev_community,positive,
Cloud,2026-03-09T00:56:24.577000,1002495,Just deployed my first serverless functions application! algorithm optimization makes it so easy. #Cloud #DevOps,dev_community,positive,
Cloud,2026-03-09T00:56:14.621000,1002491,Finally understand serverless functions! Key is to master algorithm optimization basics. #Cloud #DevOps,tech_enthusiast,neutral,
Cloud,2026-03-09T00:56:04.832000,1002484,Finally understand Python decorators! Key is to master performance tuning basics. #Cloud #DevOps,innovation_lab,neutral,
Cloud,2026-03-09T00:55:10.809000,1002454,5 years of algorithm optimization and I'm still learning new things about CI/CD. #Cloud #DevOps,tech_enthusiast,positive,
Cloud,2026-03-09T00:54:50.252000,1002441,Finally understand machine learning! Key is to master data modeling basics. #Cloud #DevOps,python_dev,neutral,
Cloud,2026-03-09T00:54:32.007000,1002431,New breakthrough in serverless functions! This will revolutionize distributed systems. #Cloud #DevOps,data_scientist,positive,
Cloud,2026-03-09T00:54:22.484000,1002425,Can't believe how powerful CI/CD is for system design. Mind blown! 🤯 #Cloud #DevOps,tech_enthusiast,positive,
Cloud,2026-03-09T00:54:18.213000,1002422,Looking for recommendations on serverless functions tools for system design. What do you use? #Cloud #DevOps,code_lover,neutral,
Cloud,2026-03-09T00:54:08.538000,1002414,Just deployed my first cloud architecture application! system design makes it so easy. #Python #Programming,tech_guru,positive,
Cloud,2026-03-09T00:53:49.266000,1002404,Struggling with cloud architecture today but making progress on testing strategies... #Cloud #DevOps,ai_researcher,neutral,
Cloud,2026-03-09T00:53:31.359000,1002395,Can't believe how powerful Python decorators is for data modeling. Mind blown! 🤯 #Cloud #DevOps,innovation_lab,positive,
Cloud,2026-03-09T00:53:25.583000,1002393,Struggling with machine learning today but making progress on performance tuning... #Cloud #DevOps,ml_engineer,neutral,
Cloud,2026-03-09T00:53:11.004000,1002383,Can't believe how powerful machine learning is for data modeling. Mind blown! 🤯 #Cloud #DevOps,innovation_lab,positive,
Cloud,2026-03-09T00:52:54.752000,1002374,5 years of code refactoring and I'm still learning new things about serverless functions. #Cloud #DevOps,ml_engineer,positive,
Cloud,2026-03-09T00:52:48.988000,1002371,Can't believe how powerful async programming is for code refactoring. Mind blown! 🤯 #Cloud #DevOps,data_scientist,positive,
Cloud,2026-03-09T00:52:41.529000,1002367,Looking for recommendations on CI/CD tools for distributed systems. What do you use? #Cloud #DevOps,ai_researcher,neutral,
Cloud,2026-03-09T00:52:37.234000,1002365,Struggling with cloud architecture today but making progress on testing strategies... #Cloud #DevOps,ml_engineer,neutral,
Cloud,2026-03-09T00:52:35.638000,1002364,5 years of debugging and I'm still learning new things about microservices. #Cloud #DevOps,code_lover,positive,
Cloud,2026-03-09T00:52:18.392000,1002355,Amazing tutorial on async programming! This changed how I think about algorithm optimization. #Cloud #DevOps,ml_engineer,positive,
Cloud,2026-03-09T00:52:14.761000,1002352,Struggling with API development today but making progress on code refactoring... #Cloud #DevOps,innovation_lab,neutral,
Cloud,2026-03-09T00:52:07.755000,1002349,Just finished building a API development project! Learned so much about performance tuning. #Cloud #DevOps,ml_engineer,positive,
Cloud,2026-03-09T00:52:02.719000,1002346,Finally understand CI/CD! Key is to master algorithm optimization basics. #Cloud #DevOps,python_dev,neutral,
Cloud,2026-03-09T00:51:59.189000,1002344,Just deployed my first cloud architecture application! API design makes it so easy. #Python #Programming,startup_founder,positive,
Cloud,2026-03-09T00:51:40.309000,1002332,Amazing tutorial on serverless functions! This changed how I think about performance tuning. #Cloud #DevOps,startup_founder,positive,
Cloud,2026-03-09T00:51:23.375000,1002324,Looking for recommendations on CI/CD tools for distributed systems. What do you use? #Cloud #DevOps,data_scientist,neutral,
Cloud,2026-03-09T00:51:04.794000,1002314,Just deployed my first Python decorators application! data modeling makes it so easy. #Cloud #DevOps,python_dev,positive,
Cloud,2026-03-09T00:50:32.531000,1002295,Hot take: API development is overrated. Focus on algorithm optimization fundamentals first. #Cloud #DevOps,ai_researcher,positive,
Cloud,2026-03-09T00:50:11.716000,1002283,Just finished building a cloud architecture project! Learned so much about code refactoring. #Python #Programming,tech_guru,positive,
Cloud,2026-03-09T00:49:57.484000,1002276,Just deployed my first neural networks application! distributed systems makes it so easy. #Cloud #DevOps,startup_founder,positive,
Cloud,2026-03-09T00:49:44.474000,1002270,Just finished building a machine learning project! Learned so much about performance tuning. #Cloud #DevOps,startup_founder,positive,
Cloud,2026-03-09T00:49:34.107000,1002263,Just deployed my first neural networks application! testing strategies makes it so easy. #Cloud #DevOps,ml_engineer,positive,
Cloud,2026-03-09T00:49:18.199000,1002255,Amazing tutorial on async programming! This changed how I think about testing strategies. #Cloud #DevOps,tech_guru,positive,
Cloud,2026-03-09T00:48:53.890000,1002242,Just finished building a containerization project! Learned so much about performance tuning. #Cloud #DevOps,tech_enthusiast,positive,
Cloud,2026-03-09T00:48:49.671000,1002240,Just deployed my first neural networks application! system design makes it so easy. #Cloud #DevOps,innovation_lab,positive,
Cloud,2026-03-09T00:48:12.454000,1002214,New breakthrough in cloud architecture! This will revolutionize algorithm optimization. #Cloud #DevOps,code_lover,positive,
Cloud,2026-03-09T00:48:04.352000,1002210,Hot take: machine learning is overrated. Focus on debugging fundamentals first. #Cloud #DevOps,innovation_lab,positive,
Cloud,2026-03-09T00:47:45.672000,1002198,Just deployed my first cloud architecture application! debugging makes it so easy. #Cloud #DevOps,ml_engineer,positive,
Cloud,2026-03-09T00:47:25.922000,1002190,Amazing tutorial on microservices! This changed how I think about API design. #Cloud #DevOps,innovation_lab,positive,
Cloud,2026-03-09T00:47:14.813000,1002185,Finally understand serverless functions! Key is to master distributed systems basics. #Cloud #DevOps,startup_founder,neutral,
Cloud,2026-03-09T00:46:50.798000,1002171,Hot take: cloud architecture is overrated. Focus on algorithm optimization fundamentals first. #Cloud #DevOps,ml_engineer,positive,
Cloud,2026-03-09T00:46:39.257000,1002163,Struggling with CI/CD today but making progress on code refactoring... #Cloud #DevOps,ai_researcher,neutral,
Cloud,2026-03-09T00:46:38.722000,1002162,Just finished building a containerization project! Learned so much about API design. #Cloud #DevOps,tech_enthusiast,positive,
Cloud,2026-03-09T00:46:35.136000,1002160,Just finished building a API development project! Learned so much about performance tuning. #Cloud #DevOps,ai_researcher,positive,
Cloud,2026-03-09T00:46:31.710000,1002157,Can't believe how powerful Python decorators is for code refactoring. Mind blown! 🤯 #Cloud #DevOps,python_dev,positive,
Cloud,2026-03-09T00:46:28.070000,1002154,New breakthrough in GraphQL! This will revolutionize debugging. #Cloud #DevOps,ai_researcher,positive,
Cloud,2026-03-09T00:46:20.966000,1002151,Amazing tutorial on cloud architecture! This changed how I think about distributed systems. #Cloud #DevOps,ml_engineer,positive,
Cloud,2026-03-09T00:46:14.903000,1002148,Can't believe how powerful GraphQL is for debugging. Mind blown! 🤯 #Cloud #DevOps,tech_guru,positive,
Cloud,2026-03-09T00:46:07.503000,1002143,Hot take: cloud architecture is overrated. Focus on algorithm optimization fundamentals first. #Cloud #DevOps,data_scientist,positive,
Cloud,2026-03-09T00:45:31.268000,1002121,Looking for recommendations on Python decorators tools for testing strategies. What do you use? #Cloud #DevOps,ml_engineer,neutral,
Cloud,2026-03-09T00:45:12.827000,1002110,Struggling with cloud architecture today but making progress on system design... #Python #Programming,data_scientist,neutral,
Cloud,2026-03-09T00:45:10.299000,1002109,Struggling with async programming today but making progress on debugging... #Cloud #DevOps,dev_community,neutral,
Cloud,2026-03-09T00:45:07.289000,1002107,New breakthrough in cloud architecture! This will revolutionize performance tuning. #Cloud #DevOps,tech_guru,positive,
Cloud,2026-03-09T00:45:05.226000,1002105,New breakthrough in cloud architecture! This will revolutionize distributed systems. #Python #Programming,python_dev,positive,
Cloud,2026-03-09T00:44:56.927000,1002100,Just finished building a serverless functions project! Learned so much about code refactoring. #Cloud #DevOps,ml_engineer,positive,
Cloud,2026-03-09T00:44:40.620000,1002089,5 years of debugging and I'm still learning new things about Python decorators. #Cloud #DevOps,tech_enthusiast,positive,
Cloud,2026-03-09T00:44:31.884000,1002084,Just deployed my first microservices application! code refactoring makes it so easy. #Cloud #DevOps,startup_founder,positive,
Cloud,2026-03-09T00:44:20.590000,1002079,New breakthrough in CI/CD! This will revolutionize algorithm optimization. #Cloud #DevOps,data_scientist,positive,
Cloud,2026-03-09T00:44:15.520000,1002077,Amazing tutorial on Python decorators! This changed how I think about API design. #Cloud #DevOps,python_dev,positive,
Cloud,2026-03-09T00:44:10.141000,1002074,Hot take: cloud architecture is overrated. Focus on testing strategies fundamentals first. #Technology #Innovation,code_lover,positive,
Cloud,2026-03-09T00:43:57.689000,1002065,Amazing tutorial on CI/CD! This changed how I think about system design. #Cloud #DevOps,data_scientist,positive,
Cloud,2026-03-09T00:43:52.513000,1002061,Amazing tutorial on containerization! This changed how I think about algorithm optimization. #Cloud #DevOps,tech_guru,positive,
Cloud,2026-03-09T00:43:37.406000,1002054,Hot take: cloud architecture is overrated. Focus on debugging fundamentals first. #Python #Programming,dev_community,positive,
Cloud,2026-03-09T00:43:29.467000,1002049,Just deployed my first cloud architecture application! distributed systems makes it so easy. #Python #Programming,startup_founder,positive,
Cloud,2026-03-09T00:43:27.294000,1002047,Amazing tutorial on cloud architecture! This changed how I think about code refactoring. #Technology #Innovation,ml_engineer,positive,
Cloud,2026-03-09T00:43:19.907000,1002043,Hot take: serverless functions is overrated. Focus on algorithm optimization fundamentals first. #Cloud #DevOps,code_lover,positive,
Cloud,2026-03-09T00:43:17.845000,1002042,Just deployed my first neural networks application! performance tuning makes it so easy. #Cloud #DevOps,ai_researcher,positive,
Cloud,2026-03-09T00:42:25.374000,1002013,Just finished building a async programming project! Learned so much about performance tuning. #Cloud #DevOps,tech_enthusiast,positive,
Cloud,2026-03-09T00:42:13.434000,1002007,Just finished building a machine learning project! Learned so much about algorithm optimization. #Cloud #DevOps,dev_community,positive,
Cloud,2026-03-09T00:41:43.050000,1001987,Finally understand serverless functions! Key is to master algorithm optimization basics. #Cloud #DevOps,ml_engineer,neutral,
Cloud,2026-03-09T00:41:32.725000,1001981,5 years of performance tuning and I'm still learning new things about GraphQL. #Cloud #DevOps,ml_engineer,positive,
Cloud,2026-03-09T00:41:17.158000,1001972,5 years of code refactoring and I'm still learning new things about async programming. #Cloud #DevOps,code_lover,positive,
Cloud,2026-03-09T00:41:13.191000,1001969,Can't believe how powerful GraphQL is for distributed systems. Mind blown! 🤯 #Cloud #DevOps,tech_guru,positive,
Cloud,2026-03-09T00:41:12.115000,1001968,Looking for recommendations on neural networks tools for performance tuning. What do you use? #Cloud #DevOps,python_dev,neutral,
Cloud,2026-03-09T00:41:10.221000,1001966,Amazing tutorial on cloud architecture! This changed how I think about testing strategies. #Python #Programming,code_lover,positive,
Cloud,2026-03-09T00:40:35.125000,1001941,Just deployed my first GraphQL application! testing strategies makes it so easy. #Cloud #DevOps,dev_community,positive,
Cloud,2026-03-09T00:40:14.614000,1001930,Struggling with serverless functions today but making progress on code refactoring... #Cloud #DevOps,ml_engineer,neutral,
Cloud,2026-03-09T00:39:56.339000,1001919,5 years of distributed systems and I'm still learning new things about machine learning. #Cloud #DevOps,innovation_lab,positive,
Cloud,2026-03-09T00:39:38.610000,1001911,Finally understand Python decorators! Key is to master system design basics. #Cloud #DevOps,ml_engineer,neutral,
Cloud,2026-03-09T00:39:30.879000,1001907,New breakthrough in async programming! This will revolutionize debugging. #Cloud #DevOps,ai_researcher,positive,
Cloud,2026-03-09T00:38:44.665000,1001882,New breakthrough in machine learning! This will revolutionize distributed systems. #Cloud #DevOps,startup_founder,positive,
Cloud,2026-03-09T00:38:33.873000,1001876,Just deployed my first microservices application! system design makes it so easy. #Cloud #DevOps,ai_researcher,positive,
Cloud,2026-03-09T00:38:32.356000,1001875,5 years of data modeling and I'm still learning new things about Python decorators. #Cloud #DevOps,innovation_lab,positive,
Cloud,2026-03-09T00:38:26.253000,1001871,5 years of system design and I'm still learning new things about neural networks. #Cloud #DevOps,innovation_lab,positive,
Cloud,2026-03-09T00:38:24.234000,1001870,New breakthrough in cloud architecture! This will revolutionize debugging. #Technology #Innovation,innovation_lab,positive,
Cloud,2026-03-09T00:38:04.038000,1001860,Just deployed my first cloud architecture application! debugging makes it so easy. #Technology #Innovation,startup_founder,positive,
Cloud,2026-03-09T00:37:30.847000,1001841,Finally understand CI/CD! Key is to master testing strategies basics. #Cloud #DevOps,dev_community,neutral,
Cloud,2026-03-09T00:37:27.695000,1001838,5 years of performance tuning and I'm still learning new things about GraphQL. #Cloud #DevOps,ml_engineer,positive,
Cloud,2026-03-09T00:37:25.609000,1001837,Just deployed my first cloud architecture application! distributed systems makes it so easy. #Technology #Innovation,data_scientist,positive,
Cloud,2026-03-09T00:37:04.690000,1001826,Looking for recommendations on microservices tools for debugging. What do you use? #Cloud #DevOps,data_scientist,neutral,
Cloud,2026-03-09T00:36:58.894000,1001821,Can't believe how powerful microservices is for testing strategies. Mind blown! 🤯 #Cloud #DevOps,ai_researcher,positive,
Cloud,2026-03-09T00:36:34.237000,1001805,Hot take: neural networks is overrated. Focus on API design fundamentals first. #Cloud #DevOps,dev_community,positive,
Cloud,2026-03-09T00:36:29.708000,1001803,Looking for recommendations on cloud architecture tools for API design. What do you use? #Cloud #DevOps,tech_enthusiast,neutral,
Cloud,2026-03-09T00:36:20.712000,1001798,Amazing tutorial on cloud architecture! This changed how I think about testing strategies. #Technology #Innovation,tech_guru,positive,
Cloud,2026-03-09T00:36:19.444000,1001797,Can't believe how powerful CI/CD is for API design. Mind blown! 🤯 #Cloud #DevOps,ai_researcher,positive,
Cloud,2026-03-09T00:36:15.913000,1001795,Struggling with microservices today but making progress on code refactoring... #Cloud #DevOps,data_scientist,neutral,
Cloud,2026-03-09T00:36:14.572000,1001794,Looking for recommendations on serverless functions tools for testing strategies. What do you use? #Cloud #DevOps,tech_guru,neutral,
Cloud,2026-03-09T00:35:59.339000,1001786,Looking for recommendations on async programming tools for API design. What do you use? #Cloud #DevOps,code_lover,neutral,
Cloud,2026-03-09T00:35:58.231000,1001785,Hot take: cloud architecture is overrated. Focus on debugging fundamentals first. #Cloud #DevOps,ml_engineer,positive,
Cloud,2026-03-09T00:35:54.968000,1001782,Struggling with containerization today but making progress on distributed systems... #Cloud #DevOps,code_lover,neutral,
Cloud,2026-03-09T00:35:30.122000,1001768,Looking for recommendations on serverless functions tools for data modeling. What do you use? #Cloud #DevOps,ml_engineer,neutral,
Cloud,2026-03-09T00:35:23.239000,1001765,5 years of testing strategies and I'm still learning new things about GraphQL. #Cloud #DevOps,code_lover,positive,
Cloud,2026-03-09T00:35:18.319000,1001762,New breakthrough in neural networks! This will revolutionize code refactoring. #Cloud #DevOps,code_lover,positive,
Cloud,2026-03-09T00:34:57.211000,1001748,Can't believe how powerful API development is for performance tuning. Mind blown! 🤯 #Cloud #DevOps,code_lover,positive,
Cloud,2026-03-09T00:34:47.843000,1001743,Looking for recommendations on cloud architecture tools for performance tuning. What do you use? #Cloud #DevOps,tech_guru,neutral,
Cloud,2026-03-09T00:34:17.570000,1001725,Hot take: neural networks is overrated. Focus on algorithm optimization fundamentals first. #Cloud #DevOps,tech_enthusiast,positive,
Cloud,2026-03-09T00:34:02.738000,1001717,Looking for recommendations on async programming tools for testing strategies. What do you use? #Cloud #DevOps,code_lover,neutral,
Cloud,2026-03-09T00:33:52.082000,1001710,Can't believe how powerful Python decorators is for distributed systems. Mind blown! 🤯 #Cloud #DevOps,python_dev,positive,
Cloud,2026-03-09T00:33:34.168000,1001697,5 years of testing strategies and I'm still learning new things about microservices. #Cloud #DevOps,startup_founder,positive,
Cloud,2026-03-09T00:33:14.439000,1001685,New breakthrough in async programming! This will revolutionize code refactoring. #Cloud #DevOps,data_scientist,positive,
Cloud,2026-03-09T00:32:40.541000,1001668,Amazing tutorial on GraphQL! This changed how I think about code refactoring. #Cloud #DevOps,code_lover,positive,
Cloud,2026-03-09T00:32:12.072000,1001652,Struggling with cloud architecture today but making progress on system design... #Python #Programming,tech_guru,neutral,
Cloud,2026-03-09T00:32:09.941000,1001651,5 years of debugging and I'm still learning new things about Python decorators. #Cloud #DevOps,startup_founder,positive,
Cloud,2026-03-09T00:32:01.897000,1001645,Just finished building a CI/CD project! Learned so much about data modeling. #Cloud #DevOps,data_scientist,positive,
Cloud,2026-03-09T00:31:54.548000,1001642,5 years of performance tuning and I'm still learning new things about GraphQL. #Cloud #DevOps,ml_engineer,positive,
Cloud,2026-03-09T00:31:32.597000,1001628,Amazing tutorial on API development! This changed how I think about debugging. #Cloud #DevOps,data_scientist,positive,
Cloud,2026-03-09T00:31:29.485000,1001626,Amazing tutorial on machine learning! This changed how I think about debugging. #Cloud #DevOps,tech_enthusiast,positive,
Cloud,2026-03-09T00:31:13.683000,1001618,Can't believe how powerful GraphQL is for data modeling. Mind blown! 🤯 #Cloud #DevOps,startup_founder,positive,
Cloud,2026-03-09T00:31:13.049000,1001617,New breakthrough in cloud architecture! This will revolutionize API design. #Python #Programming,dev_community,positive,
Cloud,2026-03-09T00:31:01.425000,1001610,5 years of testing strategies and I'm still learning new things about containerization. #Cloud #DevOps,python_dev,positive,
Cloud,2026-03-09T00:30:49.167000,1001604,Can't believe how powerful neural networks is for performance tuning. Mind blown! 🤯 #Cloud #DevOps,code_lover,positive,
Cloud,2026-03-09T00:30:44.639000,1001601,Looking for recommendations on cloud architecture tools for code refactoring. What do you use? #Cloud #DevOps,tech_guru,neutral,
Cloud,2026-03-09T00:30:29.812000,1001591,Can't believe how powerful API development is for testing strategies. Mind blown! 🤯 #Cloud #DevOps,python_dev,positive,
Cloud,2026-03-09T00:30:10.857000,1001581,Just deployed my first machine learning application! system design makes it so easy. #Cloud #DevOps,tech_enthusiast,positive,
Cloud,2026-03-09T00:30:09.169000,1001579,Finally understand microservices! Key is to master system design basics. #Cloud #DevOps,startup_founder,neutral,
Cloud,2026-03-09T00:30:06.244000,1001578,Finally understand cloud architecture! Key is to master system design basics. #Python #Programming,tech_enthusiast,neutral,
Cloud,2026-03-09T00:29:49.438000,1001568,Just deployed my first containerization application! testing strategies makes it so easy. #Cloud #DevOps,tech_enthusiast,positive,
Cloud,2026-03-09T00:29:47.996000,1001567,Looking for recommendations on Python decorators tools for algorithm optimization. What do you use? #Cloud #DevOps,tech_guru,neutral,
Cloud,2026-03-09T00:29:45.661000,1001566,Just finished building a GraphQL project! Learned so much about debugging. #Cloud #DevOps,dev_community,positive,
Cloud,2026-03-09T00:29:29.896000,1001557,Amazing tutorial on cloud architecture! This changed how I think about API design. #Technology #Innovation,startup_founder,positive,
Cloud,2026-03-09T00:29:22.468000,1001554,Struggling with neural networks today but making progress on data modeling... #Cloud #DevOps,python_dev,neutral,
Cloud,2026-03-09T00:29:17.727000,1001551,5 years of distributed systems and I'm still learning new things about Python decorators. #Cloud #DevOps,data_scientist,positive,
Cloud,2026-03-09T00:28:51.795000,1001533,Hot take: GraphQL is overrated. Focus on distributed systems fundamentals first. #Cloud #DevOps,startup_founder,positive,
Cloud,2026-03-09T00:28:37.675000,1001526,Looking for recommendations on CI/CD tools for system design. What do you use? #Cloud #DevOps,startup_founder,neutral,
Cloud,2026-03-09T00:28:09.885000,1001512,Just deployed my first serverless functions application! testing strategies makes it so easy. #Cloud #DevOps,tech_guru,positive,
Cloud,2026-03-09T00:28:04.045000,1001509,Hot take: cloud architecture is overrated. Focus on code refactoring fundamentals first. #Cloud #DevOps,startup_founder,positive,
Cloud,2026-03-09T00:27:47.624000,1001500,Struggling with Python decorators today but making progress on algorithm optimization... #Cloud #DevOps,startup_founder,neutral,
Cloud,2026-03-09T00:27:28.215000,1001488,Just finished building a API development project! Learned so much about system design. #Cloud #DevOps,dev_community,positive,
Cloud,2026-03-09T00:26:49.270000,1001466,Can't believe how powerful cloud architecture is for distributed systems. Mind blown! 🤯 #Cloud #DevOps,python_dev,positive,
Cloud,2026-03-09T00:26:40.320000,1001459,Amazing tutorial on async programming! This changed how I think about algorithm optimization. #Cloud #DevOps,python_dev,positive,
Cloud,2026-03-09T00:26:22.829000,1001450,Hot take: containerization is overrated. Focus on code refactoring fundamentals first. #Cloud #DevOps,startup_founder,positive,
Cloud,2026-03-09T00:26:08.452000,1001439,Hot take: cloud architecture is overrated. Focus on algorithm optimization fundamentals first. #Technology #Innovation,innovation_lab,positive,
Cloud,2026-03-09T00:25:48.345000,1001425,Just finished building a containerization project! Learned so much about performance tuning. #Cloud #DevOps,innovation_lab,positive,
Cloud,2026-03-09T00:25:42.026000,1001421,Finally understand cloud architecture! Key is to master performance tuning basics. #Python #Programming,tech_enthusiast,neutral,
Cloud,2026-03-09T00:25:39.760000,1001420,Struggling with cloud architecture today but making progress on testing strategies... #Technology #Innovation,tech_guru,neutral,
Cloud,2026-03-09T00:25:36.703000,1001418,Finally understand async programming! Key is to master API design basics. #Cloud #DevOps,startup_founder,neutral,
Cloud,2026-03-09T00:25:35.969000,1001417,5 years of debugging and I'm still learning new things about cloud architecture. #Cloud #DevOps,data_scientist,positive,
Cloud,2026-03-09T00:25:24.839000,1001411,5 years of distributed systems and I'm still learning new things about CI/CD. #Cloud #DevOps,dev_community,positive,
Cloud,2026-03-09T00:25:16.889000,1001404,Amazing tutorial on cloud architecture! This changed how I think about testing strategies. #Python #Programming,ml_engineer,positive,
Cloud,2026-03-09T00:24:50.101000,1001388,Just finished building a cloud architecture project! Learned so much about testing strategies. #Technology #Innovation,dev_community,positive,
Cloud,2026-03-09T00:24:26.566000,1001377,Looking for recommendations on microservices tools for data modeling. What do you use? #Cloud #DevOps,ai_researcher,neutral,
Cloud,2026-03-09T00:24:22.128000,1001373,Looking for recommendations on Python decorators tools for code refactoring. What do you use? #Cloud #DevOps,tech_enthusiast,neutral,
Cloud,2026-03-09T00:24:19.160000,1001372,5 years of performance tuning and I'm still learning new things about cloud architecture. #Python #Programming,ai_researcher,positive,
Cloud,2026-03-09T00:24:06.940000,1001365,New breakthrough in Python decorators! This will revolutionize system design. #Cloud #DevOps,ai_researcher,positive,
Cloud,2026-03-09T00:23:25.173000,1001339,Just finished building a cloud architecture project! Learned so much about testing strategies. #Cloud #DevOps,dev_community,positive,
Cloud,2026-03-09T00:23:19.075000,1001336,New breakthrough in serverless functions! This will revolutionize code refactoring. #Cloud #DevOps,startup_founder,positive,
Cloud,2026-03-09T00:23:03.960000,1001326,Struggling with serverless functions today but making progress on distributed systems... #Cloud #DevOps,code_lover,neutral,
Cloud,2026-03-09T00:22:44.336000,1001314,Just deployed my first cloud architecture application! algorithm optimization makes it so easy. #Technology #Innovation,ai_researcher,positive,
Cloud,2026-03-09T00:22:42.218000,1001312,Amazing tutorial on cloud architecture! This changed how I think about data modeling. #Cloud #DevOps,dev_community,positive,
Cloud,2026-03-09T00:22:30.493000,1001305,Struggling with cloud architecture today but making progress on code refactoring... #Python #Programming,tech_enthusiast,neutral,
Cloud,2026-03-09T00:22:24.989000,1001301,Finally understand async programming! Key is to master distributed systems basics. #Cloud #DevOps,code_lover,neutral,
Cloud,2026-03-09T00:22:06.520000,1001291,Just deployed my first API development application! data modeling makes it so easy. #Cloud #DevOps,dev_community,positive,
Cloud,2026-03-09T00:21:46.055000,1001279,Hot take: cloud architecture is overrated. Focus on testing strategies fundamentals first. #Cloud #DevOps,startup_founder,positive,
Cloud,2026-03-09T00:21:31.805000,1001269,Just deployed my first CI/CD application! API design makes it so easy. #Cloud #DevOps,code_lover,positive,
Cloud,2026-03-09T00:21:10.503000,1001257,Looking for recommendations on machine learning tools for performance tuning. What do you use? #Cloud #DevOps,data_scientist,neutral,
Cloud,2026-03-09T00:20:23.436000,1001234,Just finished building a serverless functions project! Learned so much about testing strategies. #Cloud #DevOps,innovation_lab,positive,
Cloud,2026-03-09T00:20:20.933000,1001232,New breakthrough in machine learning! This will revolutionize testing strategies. #Cloud #DevOps,code_lover,positive,
Cloud,2026-03-09T00:20:02.308000,1001223,Just deployed my first CI/CD application! distributed systems makes it so easy. #Cloud #DevOps,code_lover,positive,
Cloud,2026-03-09T00:19:45.989000,1001212,Looking for recommendations on CI/CD tools for performance tuning. What do you use? #Cloud #DevOps,ai_researcher,neutral,
Cloud,2026-03-09T00:19:35.744000,1001206,Looking for recommendations on async programming tools for data modeling. What do you use? #Cloud #DevOps,tech_enthusiast,neutral,
Cloud,2026-03-09T00:19:32.014000,1001204,Can't believe how powerful Python decorators is for code refactoring. Mind blown! 🤯 #Cloud #DevOps,ai_researcher,positive,
Cloud,2026-03-09T00:19:24.690000,1001199,Just finished building a cloud architecture project! Learned so much about API design. #Cloud #DevOps,ai_researcher,positive,
Cloud,2026-03-09T00:18:48.615000,1001176,5 years of API design and I'm still learning new things about neural networks. #Cloud #DevOps,python_dev,positive,
Cloud,2026-03-09T00:18:20.214000,1001162,5 years of data modeling and I'm still learning new things about cloud architecture. #Cloud #DevOps,tech_guru,positive,
Cloud,2026-03-09T00:18:03.080000,1001153,New breakthrough in API development! This will revolutionize performance tuning. #Cloud #DevOps,startup_founder,positive,
Cloud,2026-03-09T00:17:25.614000,1001133,Just deployed my first machine learning application! testing strategies makes it so easy. #Cloud #DevOps,data_scientist,positive,
Cloud,2026-03-09T00:17:19.641000,1001130,Amazing tutorial on API development! This changed how I think about API design. #Cloud #DevOps,ml_engineer,positive,
Cloud,2026-03-09T00:17:05.972000,1001124,Finally understand microservices! Key is to master distributed systems basics. #Cloud #DevOps,startup_founder,neutral,
Cloud,2026-03-09T00:17:03.722000,1001123,Can't believe how powerful CI/CD is for algorithm optimization. Mind blown! 🤯 #Cloud #DevOps,python_dev,positive,
Cloud,2026-03-09T00:16:41.593000,1001111,Hot take: machine learning is overrated. Focus on testing strategies fundamentals first. #Cloud #DevOps,ml_engineer,positive,
Cloud,2026-03-09T00:16:37.459000,1001109,Struggling with serverless functions today but making progress on testing strategies... #Cloud #DevOps,startup_founder,neutral,
Cloud,2026-03-09T00:16:35.169000,1001108,5 years of code refactoring and I'm still learning new things about async programming. #Cloud #DevOps,innovation_lab,positive,
Cloud,2026-03-09T00:16:25.338000,1001103,New breakthrough in API development! This will revolutionize code refactoring. #Cloud #DevOps,tech_enthusiast,positive,
Cloud,2026-03-09T00:16:15.877000,1001098,Hot take: containerization is overrated. Focus on system design fundamentals first. #Cloud #DevOps,python_dev,positive,
Cloud,2026-03-09T00:16:13.128000,1001097,Just finished building a containerization project! Learned so much about API design. #Cloud #DevOps,innovation_lab,positive,
Cloud,2026-03-09T00:16:03.314000,1001091,Looking for recommendations on Python decorators tools for algorithm optimization. What do you use? #Cloud #DevOps,dev_community,neutral,
Cloud,2026-03-09T00:15:40.343000,1001079,Just finished building a CI/CD project! Learned so much about distributed systems. #Cloud #DevOps,startup_founder,positive,
Cloud,2026-03-09T00:15:23.795000,1001069,Can't believe how powerful CI/CD is for distributed systems. Mind blown! 🤯 #Cloud #DevOps,tech_enthusiast,positive,
Cloud,2026-03-09T00:15:22.139000,1001068,Just finished building a neural networks project! Learned so much about API design. #Cloud #DevOps,innovation_lab,positive,
Cloud,2026-03-09T00:15:18.854000,1001065,Can't believe how powerful cloud architecture is for system design. Mind blown! 🤯 #Cloud #DevOps,ai_researcher,positive,
Cloud,2026-03-09T00:15:16.518000,1001064,Struggling with serverless functions today but making progress on debugging... #Cloud #DevOps,python_dev,neutral,
Cloud,2026-03-09T00:14:49.735000,1001047,Just deployed my first cloud architecture application! system design makes it so easy. #Cloud #DevOps,ai_researcher,positive,
Cloud,2026-03-09T00:14:44.520000,1001043,Hot take: containerization is overrated. Focus on algorithm optimization fundamentals first. #Cloud #DevOps,data_scientist,positive,
Cloud,2026-03-09T00:14:26.524000,1001033,Just deployed my first neural networks application! performance tuning makes it so easy. #Cloud #DevOps,ai_researcher,positive,
Cloud,2026-03-09T00:13:55.165000,1001012,Hot take: cloud architecture is overrated. Focus on system design fundamentals first. #Technology #Innovation,tech_guru,positive,
Cloud,2026-03-09T00:13:19.329000,1000994,Hot take: neural networks is overrated. Focus on performance tuning fundamentals first. #Cloud #DevOps,startup_founder,positive,
Cloud,2026-03-09T00:12:53.708000,1000979,Looking for recommendations on cloud architecture tools for data modeling. What do you use? #Cloud #DevOps,dev_community,neutral,
Cloud,2026-03-09T00:12:52.524000,1000978,Just finished building a cloud architecture project! Learned so much about code refactoring. #Technology #Innovation,tech_enthusiast,positive,
Cloud,2026-03-09T00:12:48.894000,1000976,Amazing tutorial on API development! This changed how I think about data modeling. #Cloud #DevOps,data_scientist,positive,
Cloud,2026-03-09T00:12:46.686000,1000975,Amazing tutorial on async programming! This changed how I think about performance tuning. #Cloud #DevOps,tech_guru,positive,
Cloud,2026-03-09T00:12:43.876000,1000974,Hot take: cloud architecture is overrated. Focus on system design fundamentals first. #Cloud #DevOps,tech_enthusiast,positive,
Cloud,2026-03-09T00:12:42.503000,1000973,5 years of debugging and I'm still learning new things about CI/CD. #Cloud #DevOps,data_scientist,positive,
Cloud,2026-03-09T00:12:27.924000,1000966,5 years of distributed systems and I'm still learning new things about GraphQL. #Cloud #DevOps,tech_enthusiast,positive,
Cloud,2026-03-09T00:12:18.441000,1000959,Hot take: GraphQL is overrated. Focus on testing strategies fundamentals first. #Cloud #DevOps,innovation_lab,positive,
Cloud,2026-03-09T00:12:11.511000,1000955,Finally understand containerization! Key is to master data modeling basics. #Cloud #DevOps,python_dev,neutral,
Cloud,2026-03-09T00:12:06.641000,1000951,New breakthrough in neural networks! This will revolutionize debugging. #Cloud #DevOps,ai_researcher,positive,
Cloud,2026-03-09T00:12:01.341000,1000949,Can't believe how powerful Python decorators is for algorithm optimization. Mind blown! 🤯 #Cloud #DevOps,tech_enthusiast,positive,
Cloud,2026-03-09T00:11:59.549000,1000948,Just deployed my first serverless functions application! code refactoring makes it so easy. #Cloud #DevOps,data_scientist,positive,
Cloud,2026-03-09T00:11:54.289000,1000945,Just finished building a cloud architecture project! Learned so much about system design. #Cloud #DevOps,tech_guru,positive,
Cloud,2026-03-09T00:11:31,1000933,Just deployed my first cloud architecture application! debugging makes it so easy. #Python #Programming,code_lover,positive,
Cloud,2026-03-09T00:11:22.963000,1000928,Can't believe how powerful microservices is for performance tuning. Mind blown! 🤯 #Cloud #DevOps,innovation_lab,positive,
Cloud,2026-03-09T00:11:09.676000,1000920,Can't believe how powerful Python decorators is for debugging. Mind blown! 🤯 #Cloud #DevOps,tech_enthusiast,positive,
Cloud,2026-03-09T00:10:56.314000,1000913,Looking for recommendations on API development tools for debugging. What do you use? #Cloud #DevOps,startup_founder,neutral,
Cloud,2026-03-09T00:10:52.662000,1000911,Can't believe how powerful async programming is for system design. Mind blown! 🤯 #Cloud #DevOps,data_scientist,positive,
Cloud,2026-03-09T00:10:42.491000,1000905,Struggling with CI/CD today but making progress on system design... #Cloud #DevOps,dev_community,neutral,
Cloud,2026-03-09T00:10:39.964000,1000904,Struggling with cloud architecture today but making progress on testing strategies... #Cloud #DevOps,tech_enthusiast,neutral,
Cloud,2026-03-09T00:10:37.603000,1000902,Can't believe how powerful cloud architecture is for performance tuning. Mind blown! 🤯 #Python #Programming,python_dev,positive,
Cloud,2026-03-09T00:10:25.613000,1000895,Struggling with cloud architecture today but making progress on API design... #Python #Programming,innovation_lab,neutral,
Cloud,2026-03-09T00:10:14.130000,1000889,New breakthrough in GraphQL! This will revolutionize system design. #Cloud #DevOps,dev_community,positive,
Cloud,2026-03-09T00:10:11.447000,1000887,Struggling with containerization today but making progress on API design... #Cloud #DevOps,tech_enthusiast,neutral,
Cloud,2026-03-09T00:10:00.697000,1000881,Finally understand CI/CD! Key is to master API design basics. #Cloud #DevOps,dev_community,neutral,
Cloud,2026-03-09T00:09:48.282000,1000874,Hot take: GraphQL is overrated. Focus on code refactoring fundamentals first. #Cloud #DevOps,python_dev,positive,
Cloud,2026-03-09T00:09:21.775000,1000857,Hot take: GraphQL is overrated. Focus on algorithm optimization fundamentals first. #Cloud #DevOps,ml_engineer,positive,
Cloud,2026-03-09T00:09:13.442000,1000851,Hot take: serverless functions is overrated. Focus on performance tuning fundamentals first. #Cloud #DevOps,data_scientist,positive,
Cloud,2026-03-09T00:09:02.289000,1000843,Just finished building a cloud architecture project! Learned so much about performance tuning. #Python #Programming,code_lover,positive,
Cloud,2026-03-09T00:08:56.305000,1000840,Just finished building a microservices project! Learned so much about debugging. #Cloud #DevOps,tech_guru,positive,
Cloud,2026-03-09T00:08:45.900000,1000834,5 years of testing strategies and I'm still learning new things about containerization. #Cloud #DevOps,ml_engineer,positive,
Cloud,2026-03-09T00:08:29.522000,1000824,Just deployed my first CI/CD application! distributed systems makes it so easy. #Cloud #DevOps,tech_enthusiast,positive,
Cloud,2026-03-09T00:07:46.022000,1000800,Struggling with API development today but making progress on testing strategies... #Cloud #DevOps,ml_engineer,neutral,
Cloud,2026-03-09T00:07:39.291000,1000797,Finally understand cloud architecture! Key is to master performance tuning basics. #Cloud #DevOps,python_dev,neutral,
Cloud,2026-03-09T00:07:35.899000,1000795,New breakthrough in cloud architecture! This will revolutionize code refactoring. #Python #Programming,tech_guru,positive,
Cloud,2026-03-09T00:07:03.636000,1000779,New breakthrough in CI/CD! This will revolutionize code refactoring. #Cloud #DevOps,dev_community,positive,
Cloud,2026-03-09T00:06:48.812000,1000772,Looking for recommendations on async programming tools for distributed systems. What do you use? #Cloud #DevOps,python_dev,neutral,
Cloud,2026-03-09T00:06:45.819000,1000770,Can't believe how powerful cloud architecture is for testing strategies. Mind blown! 🤯 #Cloud #DevOps,tech_enthusiast,positive,
Cloud,2026-03-09T00:06:38.777000,1000766,Just deployed my first cloud architecture application! performance tuning makes it so easy. #Technology #Innovation,tech_guru,positive,
Cloud,2026-03-09T00:05:44.345000,1000733,Finally understand neural networks! Key is to master code refactoring basics. #Cloud #DevOps,tech_enthusiast,neutral,
Cloud,2026-03-09T00:05:10.075000,1000715,Finally understand async programming! Key is to master algorithm optimization basics. #Cloud #DevOps,data_scientist,neutral,
Cloud,2026-03-09T00:05:00.631000,1000710,Hot take: async programming is overrated. Focus on data modeling fundamentals first. #Cloud #DevOps,ai_researcher,positive,
Cloud,2026-03-09T00:04:53.527000,1000706,Can't believe how powerful cloud architecture is for API design. Mind blown! 🤯 #Cloud #DevOps,data_scientist,positive,
Cloud,2026-03-09T00:04:42.297000,1000702,New breakthrough in microservices! This will revolutionize testing strategies. #Cloud #DevOps,ai_researcher,positive,
Cloud,2026-03-09T00:04:37.248000,1000700,Finally understand cloud architecture! Key is to master code refactoring basics. #Python #Programming,code_lover,neutral,
Cloud,2026-03-09T00:04:23.947000,1000692,Struggling with API development today but making progress on API design... #Cloud #DevOps,tech_guru,neutral,
Cloud,2026-03-09T00:04:07.839000,1000682,Looking for recommendations on cloud architecture tools for algorithm optimization. What do you use? #Cloud #DevOps,innovation_lab,neutral,
Cloud,2026-03-09T00:03:35.170000,1000662,5 years of algorithm optimization and I'm still learning new things about CI/CD. #Cloud #DevOps,ai_researcher,positive,
Cloud,2026-03-09T00:03:28.962000,1000659,Just deployed my first cloud architecture application! API design makes it so easy. #Cloud #DevOps,data_scientist,positive,
Cloud,2026-03-09T00:03:22.124000,1000655,Looking for recommendations on serverless functions tools for testing strategies. What do you use? #Cloud #DevOps,tech_enthusiast,neutral,
Cloud,2026-03-09T00:03:09.313000,1000649,Struggling with cloud architecture today but making progress on algorithm optimization... #Cloud #DevOps,ml_engineer,neutral,
Cloud,2026-03-09T00:03:06.548000,1000647,Just finished building a CI/CD project! Learned so much about debugging. #Cloud #DevOps,innovation_lab,positive,
Cloud,2026-03-09T00:02:56.511000,1000642,Just finished building a containerization project! Learned so much about system design. #Cloud #DevOps,dev_community,positive,
Cloud,2026-03-09T00:02:48.926000,1000638,Can't believe how powerful cloud architecture is for API design. Mind blown! 🤯 #Python #Programming,startup_founder,positive,
Cloud,2026-03-09T00:02:46.271000,1000637,Can't believe how powerful API development is for API design. Mind blown! 🤯 #Cloud #DevOps,data_scientist,positive,
Cloud,2026-03-09T00:02:38.372000,1000634,Amazing tutorial on CI/CD! This changed how I think about system design. #Cloud #DevOps,ml_engineer,positive,
Cloud,2026-03-09T00:02:25.908000,1000627,Finally understand microservices! Key is to master code refactoring basics. #Cloud #DevOps,tech_enthusiast,neutral,
Cloud,2026-03-09T00:02:14.787000,1000619,Just finished building a serverless functions project! Learned so much about performance tuning. #Cloud #DevOps,dev_community,positive,
Cloud,2026-03-09T00:02:05.836000,1000615,New breakthrough in cloud architecture! This will revolutionize system design. #Technology #Innovation,dev_community,positive,
Cloud,2026-03-09T00:01:52.554000,1000607,New breakthrough in cloud architecture! This will revolutionize algorithm optimization. #Python #Programming,ml_engineer,positive,
Cloud,2026-03-09T00:01:37.207000,1000598,Amazing tutorial on serverless functions! This changed how I think about performance tuning. #Cloud #DevOps,code_lover,positive,
Cloud,2026-03-09T00:01:29.187000,1000593,Finally understand GraphQL! Key is to master code refactoring basics. #Cloud #DevOps,python_dev,neutral,
Cloud,2026-03-09T00:01:23.291000,1000590,Looking for recommendations on GraphQL tools for algorithm optimization. What do you use? #Cloud #DevOps,code_lover,neutral,
Cloud,2026-03-09T00:01:20.070000,1000587,Amazing tutorial on CI/CD! This changed how I think about algorithm optimization. #Cloud #DevOps,startup_founder,positive,
Cloud,2026-03-09T00:00:59.474000,1000574,Amazing tutorial on GraphQL! This changed how I think about code refactoring. #Cloud #DevOps,ai_researcher,positive,
Cloud,2026-03-09T00:00:48.490000,1000568,Hot take: Python decorators is overrated. Focus on debugging fundamentals first. #Cloud #DevOps,innovation_lab,positive,
Cloud,2026-03-09T00:00:45.116000,1000566,Amazing tutorial on cloud architecture! This changed how I think about system design. #Technology #Innovation,innovation_lab,positive,
Cloud,2026-03-09T00:00:42.031000,1000564,Just deployed my first cloud architecture application! API design makes it so easy. #Python #Programming,innovation_lab,positive,
Cloud,2026-03-09T00:00:16.080000,1000549,Hot take: machine learning is overrated. Focus on code refactoring fundamentals first. #Cloud #DevOps,dev_community,positive,
Cloud,2026-03-09T00:00:14.331000,1000548,Looking for recommendations on cloud architecture tools for code refactoring. What do you use? #Technology #Innovation,tech_enthusiast,neutral,
Cloud,2026-03-09T00:00:06.006000,1000542,Looking for recommendations on GraphQL tools for algorithm optimization. What do you use? #Cloud #DevOps,python_dev,neutral,
Cloud,2026-03-08T23:59:25.185000,1000520,Looking for recommendations on machine learning tools for performance tuning. What do you use? #Cloud #DevOps,data_scientist,neutral,
Cloud,2026-03-08T23:59:10.791000,1000513,Finally understand async programming! Key is to master testing strategies basics. #Cloud #DevOps,python_dev,neutral,
Cloud,2026-03-08T23:58:55.476000,1000505,Struggling with GraphQL today but making progress on performance tuning... #Cloud #DevOps,ai_researcher,neutral,
Cloud,2026-03-08T23:58:48.734000,1000501,New breakthrough in CI/CD! This will revolutionize API design. #Cloud #DevOps,ai_researcher,positive,
Cloud,2026-03-08T23:58:31.936000,1000492,Finally understand serverless functions! Key is to master distributed systems basics. #Cloud #DevOps,dev_community,neutral,
Cloud,2026-03-08T23:58:21.650000,1000487,Amazing tutorial on GraphQL! This changed how I think about API design. #Cloud #DevOps,startup_founder,positive,
Cloud,2026-03-08T23:57:58.874000,1000471,Struggling with microservices today but making progress on system design... #Cloud #DevOps,ai_researcher,neutral,
Cloud,2026-03-08T23:57:26.689000,1000452,Looking for recommendations on cloud architecture tools for debugging. What do you use? #Python #Programming,tech_enthusiast,neutral,
Cloud,2026-03-08T23:56:22.537000,1000417,Amazing tutorial on neural networks! This changed how I think about API design. #Cloud #DevOps,tech_guru,positive,
Cloud,2026-03-08T23:56:06.785000,1000406,Amazing tutorial on Python decorators! This changed how I think about code refactoring. #Cloud #DevOps,data_scientist,positive,
Cloud,2026-03-08T23:56:04.357000,1000405,Looking for recommendations on CI/CD tools for distributed systems. What do you use? #Cloud #DevOps,dev_community,neutral,
Cloud,2026-03-08T23:56:02.299000,1000404,New breakthrough in cloud architecture! This will revolutionize code refactoring. #Technology #Innovation,ml_engineer,positive,
Cloud,2026-03-08T23:55:39.532000,1000393,New breakthrough in microservices! This will revolutionize API design. #Cloud #DevOps,python_dev,positive,
Cloud,2026-03-08T23:55:33.021000,1000389,Hot take: cloud architecture is overrated. Focus on debugging fundamentals first. #Python #Programming,ml_engineer,positive,
Cloud,2026-03-08T23:55:19.075000,1000381,5 years of data modeling and I'm still learning new things about microservices. #Cloud #DevOps,tech_enthusiast,positive,
Cloud,2026-03-08T23:55:10.462000,1000376,New breakthrough in neural networks! This will revolutionize distributed systems. #Cloud #DevOps,dev_community,positive,
Cloud,2026-03-08T23:55:08.099000,1000375,New breakthrough in CI/CD! This will revolutionize distributed systems. #Cloud #DevOps,data_scientist,positive,
Cloud,2026-03-08T23:55:02.786000,1000371,New breakthrough in containerization! This will revolutionize system design. #Cloud #DevOps,data_scientist,positive,
Cloud,2026-03-08T23:54:57.075000,1000368,5 years of testing strategies and I'm still learning new things about microservices. #Cloud #DevOps,tech_enthusiast,positive,
Cloud,2026-03-08T23:54:50.421000,1000364,New breakthrough in cloud architecture! This will revolutionize system design. #Python #Programming,data_scientist,positive,
Cloud,2026-03-08T23:54:32.865000,1000353,Just finished building a cloud architecture project! Learned so much about debugging. #Technology #Innovation,dev_community,positive,
Cloud,2026-03-08T23:54:24.004000,1000348,5 years of system design and I'm still learning new things about async programming. #Cloud #DevOps,tech_guru,positive,
Cloud,2026-03-08T23:54:10.109000,1000340,Can't believe how powerful GraphQL is for algorithm optimization. Mind blown! 🤯 #Cloud #DevOps,tech_enthusiast,positive,
Cloud,2026-03-08T23:53:57.196000,1000334,5 years of algorithm optimization and I'm still learning new things about serverless functions. #Cloud #DevOps,startup_founder,positive,
Cloud,2026-03-08T23:53:48.175000,1000328,Amazing tutorial on serverless functions! This changed how I think about algorithm optimization. #Cloud #DevOps,startup_founder,positive,
Cloud,2026-03-08T23:53:42.105000,1000325,Finally understand microservices! Key is to master distributed systems basics. #Cloud #DevOps,python_dev,neutral,
Cloud,2026-03-08T23:53:23.446000,1000314,Looking for recommendations on CI/CD tools for performance tuning. What do you use? #Cloud #DevOps,ml_engineer,neutral,
Cloud,2026-03-08T23:52:55.447000,1000299,New breakthrough in machine learning! This will revolutionize performance tuning. #Cloud #DevOps,innovation_lab,positive,
Cloud,2026-03-08T23:52:49.189000,1000293,Just deployed my first GraphQL application! API design makes it so easy. #Cloud #DevOps,tech_enthusiast,positive,
Cloud,2026-03-08T23:52:46.564000,1000291,Can't believe how powerful CI/CD is for performance tuning. Mind blown! 🤯 #Cloud #DevOps,dev_community,positive,
Cloud,2026-03-08T23:52:36.820000,1000286,5 years of distributed systems and I'm still learning new things about Python decorators. #Cloud #DevOps,tech_guru,positive,
Cloud,2026-03-08T23:52:31.392000,1000283,Struggling with cloud architecture today but making progress on distributed systems... #Cloud #DevOps,ai_researcher,neutral,
Cloud,2026-03-08T23:52:29.098000,1000281,Looking for recommendations on async programming tools for API design. What do you use? #Cloud #DevOps,startup_founder,neutral,
Cloud,2026-03-08T23:52:03.918000,1000266,Can't believe how powerful Python decorators is for distributed systems. Mind blown! 🤯 #Cloud #DevOps,tech_guru,positive,
Cloud,2026-03-08T23:51:49.837000,1000259,Amazing tutorial on CI/CD! This changed how I think about distributed systems. #Cloud #DevOps,code_lover,positive,
Cloud,2026-03-08T23:51:44.225000,1000256,Struggling with cloud architecture today but making progress on system design... #Python #Programming,tech_guru,neutral,
Cloud,2026-03-08T23:51:37.575000,1000253,5 years of performance tuning and I'm still learning new things about Python decorators. #Cloud #DevOps,tech_enthusiast,positive,
Cloud,2026-03-08T23:51:25.376000,1000244,New breakthrough in cloud architecture! This will revolutionize API design. #Python #Programming,tech_guru,positive,
Cloud,2026-03-08T23:51:10.283000,1000235,Looking for recommendations on Python decorators tools for data modeling. What do you use? #Cloud #DevOps,data_scientist,neutral,
Cloud,2026-03-08T23:50:43.948000,1000224,Hot take: microservices is overrated. Focus on algorithm optimization fundamentals first. #Cloud #DevOps,ai_researcher,positive,
Cloud,2026-03-08T23:50:20.796000,1000213,Looking for recommendations on CI/CD tools for data modeling. What do you use? #Cloud #DevOps,data_scientist,neutral,
Cloud,2026-03-08T23:49:52.747000,1000194,Amazing tutorial on GraphQL! This changed how I think about testing strategies. #Cloud #DevOps,dev_community,positive,
Cloud,2026-03-08T23:49:43.209000,1000187,Looking for recommendations on Python decorators tools for API design. What do you use? #Cloud #DevOps,code_lover,neutral,
Cloud,2026-03-08T23:49:16.441000,BATCH_074b41c0,Batch test tweet #8 #Test #Batch,batch_user_2,negative,
Cloud,2026-03-08T23:49:16.441000,BATCH_7ab6a257,Batch test tweet #5 #Test #Batch,batch_user_2,negative,
Cloud,2026-03-08T23:49:16.441000,BATCH_f6c158ae,Batch test tweet #2 #Test #Batch,batch_user_2,negative,
Cloud,2026-03-08T23:49:15.340000,1000171,Looking for recommendations on CI/CD tools for debugging. What do you use? #Cloud #DevOps,data_scientist,neutral,
Cloud,2026-03-08T23:48:58.539000,1000162,5 years of system design and I'm still learning new things about API development. #Cloud #DevOps,dev_community,positive,
Cloud,2026-03-08T23:48:47.698000,1000155,Just deployed my first CI/CD application! code refactoring makes it so easy. #Cloud #DevOps,innovation_lab,positive,
Cloud,2026-03-08T23:48:43.487000,1000151,Hot take: machine learning is overrated. Focus on API design fundamentals first. #Cloud #DevOps,dev_community,positive,
Cloud,2026-03-08T23:48:24.599000,1000140,Struggling with containerization today but making progress on algorithm optimization... #Cloud #DevOps,data_scientist,neutral,
Cloud,2026-03-08T23:48:20.058000,1000138,Struggling with cloud architecture today but making progress on code refactoring... #Python #Programming,data_scientist,neutral,
Cloud,2026-03-08T23:48:11.569000,1000132,Finally understand machine learning! Key is to master testing strategies basics. #Cloud #DevOps,innovation_lab,neutral,
Cloud,2026-03-08T23:48:05.493000,1000127,Struggling with async programming today but making progress on API design... #Cloud #DevOps,startup_founder,neutral,
Cloud,2026-03-08T23:48:00.747000,1000124,Hot take: CI/CD is overrated. Focus on algorithm optimization fundamentals first. #Cloud #DevOps,dev_community,positive,
Cloud,2026-03-08T23:47:47.705000,1000116,Hot take: GraphQL is overrated. Focus on debugging fundamentals first. #Cloud #DevOps,data_scientist,positive,
Cloud,2026-03-08T23:47:37.157000,1000109,Amazing tutorial on cloud architecture! This changed how I think about distributed systems. #Cloud #DevOps,ml_engineer,positive,
Cloud,2026-03-08T23:47:29.396000,1000105,Amazing tutorial on API development! This changed how I think about testing strategies. #Cloud #DevOps,data_scientist,positive,
Cloud,2026-03-08T23:47:27.917000,1000104,Just finished building a neural networks project! Learned so much about system design. #Cloud #DevOps,code_lover,positive,
Cloud,2026-03-08T23:47:07.928000,1000093,Struggling with GraphQL today but making progress on debugging... #Cloud #DevOps,data_scientist,neutral,
Cloud,2026-03-08T23:47:04.389000,1000090,5 years of data modeling and I'm still learning new things about CI/CD. #Cloud #DevOps,startup_founder,positive,
Cloud,2026-03-08T23:46:36.602000,1000073,Hot take: GraphQL is overrated. Focus on data modeling fundamentals first. #Cloud #DevOps,innovation_lab,positive,
Cloud,2026-03-08T23:46:29.105000,1000068,New breakthrough in Python decorators! This will revolutionize testing strategies. #Cloud #DevOps,startup_founder,positive,
Cloud,2026-03-08T23:46:18.257000,1000062,Hot take: cloud architecture is overrated. Focus on testing strategies fundamentals first. #Technology #Innovation,dev_community,positive,
Cloud,2026-03-08T23:46:13.350000,1000059,Can't believe how powerful CI/CD is for code refactoring. Mind blown! 🤯 #Cloud #DevOps,code_lover,positive,
Cloud,2026-03-08T23:46:02.191000,1000054,Amazing tutorial on async programming! This changed how I think about system design. #Cloud #DevOps,innovation_lab,positive,
Cloud,2026-03-08T23:45:58.931000,1000052,5 years of system design and I'm still learning new things about async programming. #Cloud #DevOps,python_dev,positive,
Cloud,2026-03-08T23:45:28.932000,1000034,Just finished building a CI/CD project! Learned so much about data modeling. #Cloud #DevOps,ai_researcher,positive,
Cloud,2026-03-08T23:45:26.020000,1000033,Struggling with CI/CD today but making progress on algorithm optimization... #Cloud #DevOps,tech_guru,neutral,
Cloud,2026-03-08T23:45:11.167000,1000026,Just finished building a containerization project! Learned so much about algorithm optimization. #Cloud #DevOps,tech_enthusiast,positive,
Cloud,2026-03-08T23:45:01.416000,1000021,Can't believe how powerful CI/CD is for data modeling. Mind blown! 🤯 #Cloud #DevOps,python_dev,positive,
Cloud,2026-03-08T23:44:55.821000,1000018,Finally understand Python decorators! Key is to master distributed systems basics. #Cloud #DevOps,code_lover,neutral,
Cloud,2026-03-08T23:44:43.853000,1000011,Amazing tutorial on neural networks! This changed how I think about API design. #Cloud #DevOps,innovation_lab,positive,
